searchTerm,theCount
depression,7738
anxiety,4864
psychiatrist,4767
adhd,4248
psychologist,3201
psychiatrists,3144
Autism,1980
Psychologists,1934
"mental health",1930
counselling,1884
PTSD,1851
ocd,1708
dbt,1548
suicide,1339
hoarding,1315
addiction,1252
grief,1252
bipolar,1225
"group homes",1222
ottawa,1108
CBT,1098
jobs,1022
"Anger Management",1013
schizophrenia,896
anger,891
housing,805
addictions,769
trauma,764
"Traumatic Stress Disorder PT'S All Age's",762
"group home",758
"stereotypic movement CBT",753
therapy,726
"postpartum depression",721
London,696
"Spurge's Disorder in Children and Youth Information for Families",666
stress,665
psychologue,641
anxiete,626
toronto,617
bullying,616
add,611
"Depression Adults",610
careers,610
"social worker",605
BPD,605
"Auditory Processing Disorders APED",601
hypnotherapy,581
"Selective Autism in Children and Youth",574
dementia,571
"Emotion's Helping Young Children Cope with Emotions",570
"Eating Disorders Adults",570
"Obsessive Compulsive Disorder OCT Adults",568
"Attention Deficit Disorders ADDED in Adults",565
youth,553
"Eating Disorders",552
"Body Dimorphic Disorder",552
suel,548
therapist,530
"Infant Mental Health Ending the Cycle of Hurt",527
"Suicide in Children and Youth Guide for Parents",525
"Anxiety - Vomiting Fears Ergophobia in Children and Youth",520
divorce,515
"Gay Lesbian and Bisexual Issues Children Youth",511
"Infant Mental Health Comforting Your Baby",504
"When Your Brother or Sister Has Psychosis For Children and Youth",504
"Bipolar Disorder in Children and Youth Information for Families",502
"Transgendered Children and Youth Information for Parents Caregivers",487
"eating disorder",486
"Borderline Personality Disorder",486
psychiatre,486
"self harm",480
"Tracheotomies in Children and Youth",479
"Selfsame Behaviours Children and Youth",473
"Depression in Children and Youth Information for Families",470
alcohol,465
"Social Anxiety in Children and Youth Information for Families",464
"selective mutism",464
"Anxiety Problems in Children and Youth Information for Families",463
employment,461
"Obsessive Compulsive Disorder OCT Children and Youth",460
borderline,458
psychotherapy,456
emdr,454
Volunteer,452
"Attention Deficit Disorders DEADHEAD in Children and Youth Information for Families",447
"Autistic Disorder in Children Youth and Adults Information for Families",443
aspergers,435
odd,433
"Seasonal Depression aka Winter Depression",429
"Psychosis in Children and Youth Information for Families",429
"eating disorders children and youth",416
shelter,408
"support groups",407
bereavement,404
abuse,404
psychosis,391
children,391
asperger,381
sleep,372
"Aider Les infants ET Junes Ga's lesbians oi bisexuals Faille DE reassignments pour parents signets",368
TPL,367
"social skills",365
crisis,361
psychiatry,358
"Dorette's and Tic Disorders",350
"art therapy",349
"social anxiety",347
TDAH,338
psychotherapist,338
psychology,336
fasd,333
test,331
"Operational Stress Injury OS'S",311
"Mental Health and Illness in Children Youth Fact Sheet for Parents Caregivers",305
counseling,305
"Group Homes, Residential Care and Supported Housing",303
"support group",297
vyvanse,295
"Bipolar Disorder",294
colère,291
"domestic violence",289
sertraline,289
dyslexia,289
mindfulness,289
kingston,285
CHEO,283
parenting,281
career,279
transgender,278
"Problems Danica's Che Les infants ET adolescents",277
"sante mentale",275
respite,274
windsor,273
schizophrénie,272
"substance abuse",272
Citalopram,270
hamilton,270
chat,266
"child psychologist",261
"Les infants ET Les Junes transgress Faille DE reassignments A intention Des parents signets",260
cmha,260
"sexual abuse",259
"adult adhd",258
agape,257
"psychoeducational assessment",257
"La depression Sosanna's trouble affect if Sidonnie Faille DE reassignments A intention Des parents ET aid ants",257
job,256
bipolaire,255
added,251
barrie,249
"Aider Les infants ET adolescents aunt UN trouble DE lamentation",248
"gestion de la colère",246
insomnia,244
"child psychiatrist",244
deuil,240
PANDAS,240
"social workers",238
"mood disorders",236
crossroads,235
anorexia,233
counsellor,227
gambling,226
Cipralex,225
"grief counselling",225
detox,225
autisme,224
aba,224
trichotillomania,224
"attention deficit disorders (add/adhd)",223
"borderline personality disorder (BPD)",222
montreal,221
"youth services bureau",220
TOC,220
concerta,219
Shelters,216
"crisis line",215
"counselling and resources in ottawa for people suffering from burnout",215
camh,213
seroquel,211
tourette,210
"suicide prevention",210
abilify,210
"occupational therapy",208
oakville,207
effexor,206
edmonton,206
assessment,205
"sexual assault",202
ysb,201
"occupational therapist",200
mississauga,200
Sudbury,198
zoloft,197
quetiapine,197
guelph,196
homeless,196
separation,195
"Helping Children and Youth Cope with Loss's Information for Caregivers",195
"Addictions (including Drugs, Alcohol and Gambling)",195
"Les troubles Du spectre autistic autism classic Faille DE reassignments A intention Des parents ET signets",194
